{
	"max_depth": 6,
	"node_count": 7875,
	"root_min_x": -5.10196113586426,
	"root_min_y": -1.05624997615814,
	"root_min_z": -5.10877990722656,
	"root_size": 11.6735439300537
}